[Header],,,,,,,,,
IEMFileVersion,4,,,,,,,,
Investigator Name,PF2,,,,,,,,
Experiment Name,Plate93-PAL2-SetC-25pM-0.5%PhiX,,,,,,,,
Date,1/21/2016,,,,,,,,
Workflow,GenerateFASTQ,,,,,,,,
Application,FASTQ Only,,,,,,,,
Assay,Nextera XT v2,,,,,,,,
Description,,,,,,,,,
Chemistry,Amplicon,,,,,,,,
,,,,,,,,,
[Reads],,,,,,,,,
251,,,,,,,,,
251,,,,,,,,,
,,,,,,,,,
[Settings],,,,,,,,,
ReverseComplement,0,,,,,,,,
,,,,,,,,,
[Data],,,,,,,,,
Sample_ID,Sample_Name,Sample_Plate,Sample_Well,I7_Index_ID,index,I5_Index_ID,index2,Sample_Project,Description
3771_Ecoli_control1,,Plate93-SetC,A09,N711-C,AAGAGGCA,S513-C,TCGACTAG,20151202_MicrobesNG_PFU2,
3729_NRS5141,,Plate93-SetC,A10,N712-C,GTAGAGGA,S513-C,TCGACTAG,20151117_Erskine1,
3805_47,,Plate93-SetC,A11,N714-C,GCTCATGA,S513-C,TCGACTAG,20151214_Personne1,
3708_III1,,Plate93-SetC,A12,N715-C,ATCTCAGG,S513-C,TCGACTAG,20150708_Caly1,
3771_Ecoli_control2,,Plate93-SetC,B09,N711-C,AAGAGGCA,S515-C,TTCTAGCT,20151202_MicrobesNG_PFU2,
3730_NRS5144,,Plate93-SetC,B10,N712-C,GTAGAGGA,S515-C,TTCTAGCT,20151117_Erskine1,
2766_CP_2,,Plate93-SetC,B11,N714-C,GCTCATGA,S515-C,TTCTAGCT,20150629_Kelly1,
3709_LMS,,Plate93-SetC,B12,N715-C,ATCTCAGG,S515-C,TTCTAGCT,20150708_Caly1,
3773_BM65_5x_Mu8,,Plate93-SetC,C09,N711-C,AAGAGGCA,S516-C,CCTAGAGT,20151122_Abrahams1,
3731_NRS5147,,Plate93-SetC,C10,N712-C,GTAGAGGA,S516-C,CCTAGAGT,20151117_Erskine1,
3772_MSR33-gDNA,,Plate93-SetC,C11,N714-C,GCTCATGA,S516-C,CCTAGAGT,20151125_Janssen1,
3806_L1,,Plate93-SetC,C12,N715-C,ATCTCAGG,S516-C,CCTAGAGT,20151214_Livingstone1,
3783_Sk Bacteria,,Plate93-SetC,D09,N711-C,AAGAGGCA,S517-C,GCGTAAGA,20151206_James1,
3732_NRS5148,,Plate93-SetC,D10,N712-C,GTAGAGGA,S517-C,GCGTAAGA,20151117_Erskine1,
3703_S8,,Plate93-SetC,D11,N714-C,GCTCATGA,S517-C,GCGTAAGA,20150708_Caly1,
3807_P1,,Plate93-SetC,D12,N715-C,ATCTCAGG,S517-C,GCGTAAGA,20151214_Livingstone1,
3784_Sr Bacteria,,Plate93-SetC,E09,N711-C,AAGAGGCA,S518-C,CTATTAAG,20151206_James1,
3774_L1804 D408A,,Plate93-SetC,E10,N712-C,GTAGAGGA,S518-C,CTATTAAG,20151125_Kan1,
3704_Ef14,,Plate93-SetC,E11,N714-C,GCTCATGA,S518-C,CTATTAAG,20150708_Caly1,
3775_UB4,,Plate93-SetC,E12,N715-C,ATCTCAGG,S518-C,CTATTAAG,20150522_Stafford1reseq,
3785_Hb Bacteria,,Plate93-SetC,F09,N711-C,AAGAGGCA,S520-C,AAGGCTAT,20151206_James1,
3802_23,,Plate93-SetC,F10,N712-C,GTAGAGGA,S520-C,AAGGCTAT,20151214_Personne1,
3705_E311,,Plate93-SetC,F11,N714-C,GCTCATGA,S520-C,AAGGCTAT,20150708_Caly1,
3776_UB20,,Plate93-SetC,F12,N715-C,ATCTCAGG,S520-C,AAGGCTAT,20150522_Stafford1reseq,
3727_NRS5135,,Plate93-SetC,G09,N711-C,AAGAGGCA,S521-C,GAGCCTTA,20151117_Erskine1,
3803_32,,Plate93-SetC,G10,N712-C,GTAGAGGA,S521-C,GAGCCTTA,20151214_Personne1,
3706_E313,,Plate93-SetC,G11,N714-C,GCTCATGA,S521-C,GAGCCTTA,20150708_Caly1,
3777_SHF2,,Plate93-SetC,G12,N715-C,ATCTCAGG,S521-C,GAGCCTTA,20150522_Stafford1reseq,
3728_NRS5140,,Plate93-SetC,H09,N711-C,AAGAGGCA,S522-C,TTATGCGA,20151117_Erskine1,
3804_46,,Plate93-SetC,H10,N712-C,GTAGAGGA,S522-C,TTATGCGA,20151214_Personne1,
3707_I2,,Plate93-SetC,H11,N714-C,GCTCATGA,S522-C,TTATGCGA,20150708_Caly1,
3778_SHF1,,Plate93-SetC,H12,N715-C,ATCTCAGG,S522-C,TTATGCGA,20150522_Stafford1reseq,